SET FOREIGN_KEY_CHECKS = 0;
TRUNCATE TABLE `departments`;
TRUNCATE TABLE `courses`;
TRUNCATE TABLE `subjects`;
TRUNCATE TABLE `teachers`;
TRUNCATE TABLE `classes`;
TRUNCATE TABLE `sections`;
TRUNCATE TABLE `users`;
TRUNCATE TABLE `section_students`;
TRUNCATE TABLE `erp_attendance`;
TRUNCATE TABLE `erp_exams`;
TRUNCATE TABLE `erp_exam_subjects`;
TRUNCATE TABLE `erp_exam_marks`;
TRUNCATE TABLE `erp_assignments`;
TRUNCATE TABLE `erp_assignment_submissions`;
TRUNCATE TABLE `erp_fee_structures`;
TRUNCATE TABLE `erp_fee_invoices`;
TRUNCATE TABLE `erp_fee_payments`;
TRUNCATE TABLE `erp_leaves`;
SET FOREIGN_KEY_CHECKS = 1;

INSERT INTO departments (name, status) VALUES ('Computer Science', 'active'), ('Business Administration', 'active'), ('Engineering', 'active'), ('Arts & Humanities', 'active');
INSERT INTO courses (course_name, course_code, department_id) VALUES ('B.Sc. Computer Science', 'BSCS', 1), ('B.B.A. Business Admin', 'BBA', 2), ('B.E. Mechanical Eng.', 'BEME', 3), ('B.A. Literature', 'BAL', 4);
INSERT INTO teachers (name, username, password, email, department_id, employee_id, status) VALUES 
('Dr. John Smith', 'teacher0', 'password', 'drjohnsmith@edu.com', 1, 'EMP1000', 'active'),
('Prof. Jane Doe', 'teacher1', 'password', 'profjanedoe@edu.com', 2, 'EMP1001', 'active'),
('Dr. Emily Clark', 'teacher2', 'password', 'dremilyclark@edu.com', 3, 'EMP1002', 'active'),
('Mr. Robert Brown', 'teacher3', 'password', 'mrrobertbrown@edu.com', 4, 'EMP1003', 'active'),
('Ms. Sarah Connor', 'teacher4', 'password', 'mssarahconnor@edu.com', 1, 'EMP1004', 'active');
INSERT INTO subjects (name, code, course_id, teacher_id) VALUES 
('Data Structures', 'CS101', 1, 1),
('Algorithms', 'CS102', 1, 1),
('Marketing 101', 'BA101', 2, 2),
('Finance', 'BA102', 2, 2),
('Thermodynamics', 'ME101', 3, 3),
('Modern Lit', 'AL101', 4, 4);
INSERT INTO classes (name, course_id, teacher_id) VALUES 
('Freshman CS', 1, 1),
('Sophomore CS', 1, 2),
('Freshman BBA', 2, 3),
('Junior Eng', 3, 4);
INSERT INTO sections (name, class_id, teacher_id) VALUES 
('Section A', 1, 1), ('Section B', 1, 2),
('Section A', 2, 1),
('Section A', 3, 3),
('Section A', 4, 4);
INSERT INTO users (name, reg_no, email, password, role, terms_accepted) VALUES ('David Wilson', 'STU2026001', 'david.wilson1@student.edu', 'password', 'student', 1), ('Patricia Smith', 'STU2026002', 'patricia.smith2@student.edu', 'password', 'student', 1), ('Susan Thomas', 'STU2026003', 'susan.thomas3@student.edu', 'password', 'student', 1), ('John Rodriguez', 'STU2026004', 'john.rodriguez4@student.edu', 'password', 'student', 1), ('Michael Johnson', 'STU2026005', 'michael.johnson5@student.edu', 'password', 'student', 1), ('Robert Wilson', 'STU2026006', 'robert.wilson6@student.edu', 'password', 'student', 1), ('Michael Hernandez', 'STU2026007', 'michael.hernandez7@student.edu', 'password', 'student', 1), ('Elizabeth Davis', 'STU2026008', 'elizabeth.davis8@student.edu', 'password', 'student', 1), ('Barbara Anderson', 'STU2026009', 'barbara.anderson9@student.edu', 'password', 'student', 1), ('Linda Hernandez', 'STU2026010', 'linda.hernandez10@student.edu', 'password', 'student', 1), ('Patricia Miller', 'STU2026011', 'patricia.miller11@student.edu', 'password', 'student', 1), ('Jennifer Thomas', 'STU2026012', 'jennifer.thomas12@student.edu', 'password', 'student', 1), ('Richard Brown', 'STU2026013', 'richard.brown13@student.edu', 'password', 'student', 1), ('David Smith', 'STU2026014', 'david.smith14@student.edu', 'password', 'student', 1), ('David Rodriguez', 'STU2026015', 'david.rodriguez15@student.edu', 'password', 'student', 1), ('Jessica Garcia', 'STU2026016', 'jessica.garcia16@student.edu', 'password', 'student', 1), ('David Smith', 'STU2026017', 'david.smith17@student.edu', 'password', 'student', 1), ('Joseph Smith', 'STU2026018', 'joseph.smith18@student.edu', 'password', 'student', 1), ('Patricia Miller', 'STU2026019', 'patricia.miller19@student.edu', 'password', 'student', 1), ('Linda Thomas', 'STU2026020', 'linda.thomas20@student.edu', 'password', 'student', 1), ('Susan Johnson', 'STU2026021', 'susan.johnson21@student.edu', 'password', 'student', 1), ('Jessica Smith', 'STU2026022', 'jessica.smith22@student.edu', 'password', 'student', 1), ('Jessica Davis', 'STU2026023', 'jessica.davis23@student.edu', 'password', 'student', 1), ('Michael Williams', 'STU2026024', 'michael.williams24@student.edu', 'password', 'student', 1), ('David Miller', 'STU2026025', 'david.miller25@student.edu', 'password', 'student', 1), ('Mary Brown', 'STU2026026', 'mary.brown26@student.edu', 'password', 'student', 1), ('Richard Lopez', 'STU2026027', 'richard.lopez27@student.edu', 'password', 'student', 1), ('Joseph Garcia', 'STU2026028', 'joseph.garcia28@student.edu', 'password', 'student', 1), ('Susan Smith', 'STU2026029', 'susan.smith29@student.edu', 'password', 'student', 1), ('Michael Wilson', 'STU2026030', 'michael.wilson30@student.edu', 'password', 'student', 1), ('Jennifer Miller', 'STU2026031', 'jennifer.miller31@student.edu', 'password', 'student', 1), ('David Davis', 'STU2026032', 'david.davis32@student.edu', 'password', 'student', 1), ('Jessica Brown', 'STU2026033', 'jessica.brown33@student.edu', 'password', 'student', 1), ('Mary Anderson', 'STU2026034', 'mary.anderson34@student.edu', 'password', 'student', 1), ('Joseph Martinez', 'STU2026035', 'joseph.martinez35@student.edu', 'password', 'student', 1), ('David Williams', 'STU2026036', 'david.williams36@student.edu', 'password', 'student', 1), ('William Gonzalez', 'STU2026037', 'william.gonzalez37@student.edu', 'password', 'student', 1), ('Susan Smith', 'STU2026038', 'susan.smith38@student.edu', 'password', 'student', 1), ('Richard Gonzalez', 'STU2026039', 'richard.gonzalez39@student.edu', 'password', 'student', 1), ('Jessica Garcia', 'STU2026040', 'jessica.garcia40@student.edu', 'password', 'student', 1), ('James Wilson', 'STU2026041', 'james.wilson41@student.edu', 'password', 'student', 1), ('Patricia Smith', 'STU2026042', 'patricia.smith42@student.edu', 'password', 'student', 1), ('Jennifer Smith', 'STU2026043', 'jennifer.smith43@student.edu', 'password', 'student', 1), ('William Martinez', 'STU2026044', 'william.martinez44@student.edu', 'password', 'student', 1), ('Mary Brown', 'STU2026045', 'mary.brown45@student.edu', 'password', 'student', 1), ('John Hernandez', 'STU2026046', 'john.hernandez46@student.edu', 'password', 'student', 1), ('Patricia Rodriguez', 'STU2026047', 'patricia.rodriguez47@student.edu', 'password', 'student', 1), ('Barbara Jones', 'STU2026048', 'barbara.jones48@student.edu', 'password', 'student', 1), ('Jennifer Gonzalez', 'STU2026049', 'jennifer.gonzalez49@student.edu', 'password', 'student', 1), ('Jessica Anderson', 'STU2026050', 'jessica.anderson50@student.edu', 'password', 'student', 1);
INSERT INTO section_students (section_id, student_id) VALUES (4, 1), (2, 2), (3, 3), (2, 4), (5, 5), (4, 6), (1, 7), (2, 8), (5, 9), (3, 10), (1, 11), (2, 12), (4, 13), (5, 14), (4, 15), (5, 16), (3, 17), (1, 18), (3, 19), (5, 20), (1, 21), (1, 22), (1, 23), (3, 24), (1, 25), (5, 26), (2, 27), (3, 28), (3, 29), (4, 30), (1, 31), (4, 32), (3, 33), (5, 34), (1, 35), (5, 36), (1, 37), (5, 38), (1, 39), (1, 40), (3, 41), (4, 42), (3, 43), (1, 44), (4, 45), (1, 46), (4, 47), (1, 48), (1, 49), (5, 50);
INSERT INTO erp_attendance (student_id, section_id, `date`, status) VALUES (1, 1, '2026-07-09', 'Absent'), (2, 1, '2026-07-09', 'Present'), (3, 1, '2026-07-09', 'Present'), (4, 1, '2026-07-09', 'Present'), (5, 1, '2026-07-09', 'Present'), (6, 1, '2026-07-09', 'Present'), (7, 1, '2026-07-09', 'Present'), (8, 1, '2026-07-09', 'Present'), (9, 1, '2026-07-09', 'Present'), (10, 1, '2026-07-09', 'Present'), (11, 1, '2026-07-09', 'Present'), (12, 1, '2026-07-09', 'Present'), (13, 1, '2026-07-09', 'Present'), (14, 1, '2026-07-09', 'Present'), (15, 1, '2026-07-09', 'Present'), (16, 1, '2026-07-09', 'Present'), (17, 1, '2026-07-09', 'Absent'), (18, 1, '2026-07-09', 'Present'), (19, 1, '2026-07-09', 'Absent'), (20, 1, '2026-07-09', 'Present'), (21, 1, '2026-07-09', 'Present'), (22, 1, '2026-07-09', 'Absent'), (23, 1, '2026-07-09', 'Present'), (24, 1, '2026-07-09', 'Present'), (25, 1, '2026-07-09', 'Present'), (26, 1, '2026-07-09', 'Absent'), (27, 1, '2026-07-09', 'Present'), (28, 1, '2026-07-09', 'Present'), (29, 1, '2026-07-09', 'Present'), (30, 1, '2026-07-09', 'Absent'), (31, 1, '2026-07-09', 'Present'), (32, 1, '2026-07-09', 'Absent'), (33, 1, '2026-07-09', 'Absent'), (34, 1, '2026-07-09', 'Present'), (35, 1, '2026-07-09', 'Present'), (36, 1, '2026-07-09', 'Present'), (37, 1, '2026-07-09', 'Absent'), (38, 1, '2026-07-09', 'Present'), (39, 1, '2026-07-09', 'Absent'), (40, 1, '2026-07-09', 'Present'), (41, 1, '2026-07-09', 'Present'), (42, 1, '2026-07-09', 'Present'), (43, 1, '2026-07-09', 'Present'), (44, 1, '2026-07-09', 'Present'), (45, 1, '2026-07-09', 'Present'), (46, 1, '2026-07-09', 'Present'), (47, 1, '2026-07-09', 'Present'), (48, 1, '2026-07-09', 'Present'), (49, 1, '2026-07-09', 'Present'), (50, 1, '2026-07-09', 'Present'), (1, 1, '2026-07-08', 'Absent'), (2, 1, '2026-07-08', 'Present'), (3, 1, '2026-07-08', 'Present'), (4, 1, '2026-07-08', 'Present'), (5, 1, '2026-07-08', 'Present'), (6, 1, '2026-07-08', 'Present'), (7, 1, '2026-07-08', 'Present'), (8, 1, '2026-07-08', 'Present'), (9, 1, '2026-07-08', 'Present'), (10, 1, '2026-07-08', 'Present'), (11, 1, '2026-07-08', 'Absent'), (12, 1, '2026-07-08', 'Present'), (13, 1, '2026-07-08', 'Present'), (14, 1, '2026-07-08', 'Present'), (15, 1, '2026-07-08', 'Present'), (16, 1, '2026-07-08', 'Present'), (17, 1, '2026-07-08', 'Present'), (18, 1, '2026-07-08', 'Present'), (19, 1, '2026-07-08', 'Present'), (20, 1, '2026-07-08', 'Present'), (21, 1, '2026-07-08', 'Present'), (22, 1, '2026-07-08', 'Present'), (23, 1, '2026-07-08', 'Present'), (24, 1, '2026-07-08', 'Present'), (25, 1, '2026-07-08', 'Present'), (26, 1, '2026-07-08', 'Present'), (27, 1, '2026-07-08', 'Absent'), (28, 1, '2026-07-08', 'Present'), (29, 1, '2026-07-08', 'Present'), (30, 1, '2026-07-08', 'Present'), (31, 1, '2026-07-08', 'Present'), (32, 1, '2026-07-08', 'Present'), (33, 1, '2026-07-08', 'Present'), (34, 1, '2026-07-08', 'Present'), (35, 1, '2026-07-08', 'Present'), (36, 1, '2026-07-08', 'Present'), (37, 1, '2026-07-08', 'Present'), (38, 1, '2026-07-08', 'Present'), (39, 1, '2026-07-08', 'Present'), (40, 1, '2026-07-08', 'Present'), (41, 1, '2026-07-08', 'Present'), (42, 1, '2026-07-08', 'Present'), (43, 1, '2026-07-08', 'Present'), (44, 1, '2026-07-08', 'Present'), (45, 1, '2026-07-08', 'Present'), (46, 1, '2026-07-08', 'Present'), (47, 1, '2026-07-08', 'Absent'), (48, 1, '2026-07-08', 'Present'), (49, 1, '2026-07-08', 'Present'), (50, 1, '2026-07-08', 'Present'), (1, 1, '2026-07-07', 'Present'), (2, 1, '2026-07-07', 'Present'), (3, 1, '2026-07-07', 'Present'), (4, 1, '2026-07-07', 'Present'), (5, 1, '2026-07-07', 'Absent'), (6, 1, '2026-07-07', 'Present'), (7, 1, '2026-07-07', 'Present'), (8, 1, '2026-07-07', 'Present'), (9, 1, '2026-07-07', 'Present'), (10, 1, '2026-07-07', 'Present'), (11, 1, '2026-07-07', 'Present'), (12, 1, '2026-07-07', 'Present'), (13, 1, '2026-07-07', 'Present'), (14, 1, '2026-07-07', 'Present'), (15, 1, '2026-07-07', 'Present'), (16, 1, '2026-07-07', 'Present'), (17, 1, '2026-07-07', 'Absent'), (18, 1, '2026-07-07', 'Present'), (19, 1, '2026-07-07', 'Present'), (20, 1, '2026-07-07', 'Absent'), (21, 1, '2026-07-07', 'Absent'), (22, 1, '2026-07-07', 'Present'), (23, 1, '2026-07-07', 'Present'), (24, 1, '2026-07-07', 'Present'), (25, 1, '2026-07-07', 'Absent'), (26, 1, '2026-07-07', 'Present'), (27, 1, '2026-07-07', 'Present'), (28, 1, '2026-07-07', 'Present'), (29, 1, '2026-07-07', 'Present'), (30, 1, '2026-07-07', 'Absent'), (31, 1, '2026-07-07', 'Present'), (32, 1, '2026-07-07', 'Present'), (33, 1, '2026-07-07', 'Present'), (34, 1, '2026-07-07', 'Absent'), (35, 1, '2026-07-07', 'Absent'), (36, 1, '2026-07-07', 'Present'), (37, 1, '2026-07-07', 'Absent'), (38, 1, '2026-07-07', 'Present'), (39, 1, '2026-07-07', 'Present'), (40, 1, '2026-07-07', 'Present'), (41, 1, '2026-07-07', 'Present'), (42, 1, '2026-07-07', 'Present'), (43, 1, '2026-07-07', 'Present'), (44, 1, '2026-07-07', 'Present'), (45, 1, '2026-07-07', 'Present'), (46, 1, '2026-07-07', 'Present'), (47, 1, '2026-07-07', 'Present'), (48, 1, '2026-07-07', 'Present'), (49, 1, '2026-07-07', 'Present'), (50, 1, '2026-07-07', 'Absent'), (1, 1, '2026-07-06', 'Present'), (2, 1, '2026-07-06', 'Present'), (3, 1, '2026-07-06', 'Present'), (4, 1, '2026-07-06', 'Present'), (5, 1, '2026-07-06', 'Present'), (6, 1, '2026-07-06', 'Present'), (7, 1, '2026-07-06', 'Present'), (8, 1, '2026-07-06', 'Present'), (9, 1, '2026-07-06', 'Present'), (10, 1, '2026-07-06', 'Present'), (11, 1, '2026-07-06', 'Present'), (12, 1, '2026-07-06', 'Absent'), (13, 1, '2026-07-06', 'Present'), (14, 1, '2026-07-06', 'Present'), (15, 1, '2026-07-06', 'Present'), (16, 1, '2026-07-06', 'Present'), (17, 1, '2026-07-06', 'Present'), (18, 1, '2026-07-06', 'Absent'), (19, 1, '2026-07-06', 'Present'), (20, 1, '2026-07-06', 'Present'), (21, 1, '2026-07-06', 'Present'), (22, 1, '2026-07-06', 'Present'), (23, 1, '2026-07-06', 'Present'), (24, 1, '2026-07-06', 'Present'), (25, 1, '2026-07-06', 'Present'), (26, 1, '2026-07-06', 'Present'), (27, 1, '2026-07-06', 'Present'), (28, 1, '2026-07-06', 'Present'), (29, 1, '2026-07-06', 'Present'), (30, 1, '2026-07-06', 'Present'), (31, 1, '2026-07-06', 'Present'), (32, 1, '2026-07-06', 'Present'), (33, 1, '2026-07-06', 'Absent'), (34, 1, '2026-07-06', 'Present'), (35, 1, '2026-07-06', 'Present'), (36, 1, '2026-07-06', 'Present'), (37, 1, '2026-07-06', 'Present'), (38, 1, '2026-07-06', 'Present'), (39, 1, '2026-07-06', 'Present'), (40, 1, '2026-07-06', 'Present'), (41, 1, '2026-07-06', 'Present'), (42, 1, '2026-07-06', 'Present'), (43, 1, '2026-07-06', 'Present'), (44, 1, '2026-07-06', 'Present'), (45, 1, '2026-07-06', 'Present'), (46, 1, '2026-07-06', 'Present'), (47, 1, '2026-07-06', 'Present'), (48, 1, '2026-07-06', 'Present'), (49, 1, '2026-07-06', 'Present'), (50, 1, '2026-07-06', 'Present'), (1, 1, '2026-07-03', 'Present'), (2, 1, '2026-07-03', 'Present'), (3, 1, '2026-07-03', 'Present'), (4, 1, '2026-07-03', 'Present'), (5, 1, '2026-07-03', 'Present'), (6, 1, '2026-07-03', 'Present'), (7, 1, '2026-07-03', 'Present'), (8, 1, '2026-07-03', 'Present'), (9, 1, '2026-07-03', 'Present'), (10, 1, '2026-07-03', 'Present'), (11, 1, '2026-07-03', 'Present'), (12, 1, '2026-07-03', 'Present'), (13, 1, '2026-07-03', 'Present'), (14, 1, '2026-07-03', 'Present'), (15, 1, '2026-07-03', 'Present'), (16, 1, '2026-07-03', 'Absent'), (17, 1, '2026-07-03', 'Absent'), (18, 1, '2026-07-03', 'Present'), (19, 1, '2026-07-03', 'Present'), (20, 1, '2026-07-03', 'Present'), (21, 1, '2026-07-03', 'Present'), (22, 1, '2026-07-03', 'Present'), (23, 1, '2026-07-03', 'Present'), (24, 1, '2026-07-03', 'Present'), (25, 1, '2026-07-03', 'Present'), (26, 1, '2026-07-03', 'Present'), (27, 1, '2026-07-03', 'Present'), (28, 1, '2026-07-03', 'Present'), (29, 1, '2026-07-03', 'Present'), (30, 1, '2026-07-03', 'Present'), (31, 1, '2026-07-03', 'Absent'), (32, 1, '2026-07-03', 'Present'), (33, 1, '2026-07-03', 'Present'), (34, 1, '2026-07-03', 'Present'), (35, 1, '2026-07-03', 'Present'), (36, 1, '2026-07-03', 'Present'), (37, 1, '2026-07-03', 'Present'), (38, 1, '2026-07-03', 'Present'), (39, 1, '2026-07-03', 'Present'), (40, 1, '2026-07-03', 'Present'), (41, 1, '2026-07-03', 'Present'), (42, 1, '2026-07-03', 'Present'), (43, 1, '2026-07-03', 'Present'), (44, 1, '2026-07-03', 'Absent'), (45, 1, '2026-07-03', 'Present'), (46, 1, '2026-07-03', 'Present'), (47, 1, '2026-07-03', 'Absent'), (48, 1, '2026-07-03', 'Present'), (49, 1, '2026-07-03', 'Present'), (50, 1, '2026-07-03', 'Absent'), (1, 1, '2026-07-02', 'Present'), (2, 1, '2026-07-02', 'Absent'), (3, 1, '2026-07-02', 'Absent'), (4, 1, '2026-07-02', 'Present'), (5, 1, '2026-07-02', 'Present'), (6, 1, '2026-07-02', 'Present'), (7, 1, '2026-07-02', 'Present'), (8, 1, '2026-07-02', 'Present'), (9, 1, '2026-07-02', 'Present'), (10, 1, '2026-07-02', 'Absent'), (11, 1, '2026-07-02', 'Present'), (12, 1, '2026-07-02', 'Present'), (13, 1, '2026-07-02', 'Present'), (14, 1, '2026-07-02', 'Present'), (15, 1, '2026-07-02', 'Present'), (16, 1, '2026-07-02', 'Absent'), (17, 1, '2026-07-02', 'Present'), (18, 1, '2026-07-02', 'Present'), (19, 1, '2026-07-02', 'Present'), (20, 1, '2026-07-02', 'Present'), (21, 1, '2026-07-02', 'Present'), (22, 1, '2026-07-02', 'Present'), (23, 1, '2026-07-02', 'Present'), (24, 1, '2026-07-02', 'Present'), (25, 1, '2026-07-02', 'Present'), (26, 1, '2026-07-02', 'Absent'), (27, 1, '2026-07-02', 'Present'), (28, 1, '2026-07-02', 'Present'), (29, 1, '2026-07-02', 'Present'), (30, 1, '2026-07-02', 'Present'), (31, 1, '2026-07-02', 'Present'), (32, 1, '2026-07-02', 'Present'), (33, 1, '2026-07-02', 'Absent'), (34, 1, '2026-07-02', 'Present'), (35, 1, '2026-07-02', 'Absent'), (36, 1, '2026-07-02', 'Present'), (37, 1, '2026-07-02', 'Present'), (38, 1, '2026-07-02', 'Present'), (39, 1, '2026-07-02', 'Present'), (40, 1, '2026-07-02', 'Present'), (41, 1, '2026-07-02', 'Present'), (42, 1, '2026-07-02', 'Present'), (43, 1, '2026-07-02', 'Present'), (44, 1, '2026-07-02', 'Present'), (45, 1, '2026-07-02', 'Present'), (46, 1, '2026-07-02', 'Present'), (47, 1, '2026-07-02', 'Absent'), (48, 1, '2026-07-02', 'Present'), (49, 1, '2026-07-02', 'Present'), (50, 1, '2026-07-02', 'Present'), (1, 1, '2026-07-01', 'Present'), (2, 1, '2026-07-01', 'Present'), (3, 1, '2026-07-01', 'Absent'), (4, 1, '2026-07-01', 'Present'), (5, 1, '2026-07-01', 'Present'), (6, 1, '2026-07-01', 'Present'), (7, 1, '2026-07-01', 'Present'), (8, 1, '2026-07-01', 'Present'), (9, 1, '2026-07-01', 'Present'), (10, 1, '2026-07-01', 'Present'), (11, 1, '2026-07-01', 'Present'), (12, 1, '2026-07-01', 'Present'), (13, 1, '2026-07-01', 'Present'), (14, 1, '2026-07-01', 'Present'), (15, 1, '2026-07-01', 'Present'), (16, 1, '2026-07-01', 'Present'), (17, 1, '2026-07-01', 'Present'), (18, 1, '2026-07-01', 'Present'), (19, 1, '2026-07-01', 'Present'), (20, 1, '2026-07-01', 'Present'), (21, 1, '2026-07-01', 'Present'), (22, 1, '2026-07-01', 'Present'), (23, 1, '2026-07-01', 'Absent'), (24, 1, '2026-07-01', 'Absent'), (25, 1, '2026-07-01', 'Absent'), (26, 1, '2026-07-01', 'Present'), (27, 1, '2026-07-01', 'Present'), (28, 1, '2026-07-01', 'Absent'), (29, 1, '2026-07-01', 'Present'), (30, 1, '2026-07-01', 'Present'), (31, 1, '2026-07-01', 'Present'), (32, 1, '2026-07-01', 'Present'), (33, 1, '2026-07-01', 'Present'), (34, 1, '2026-07-01', 'Present'), (35, 1, '2026-07-01', 'Present'), (36, 1, '2026-07-01', 'Present'), (37, 1, '2026-07-01', 'Present'), (38, 1, '2026-07-01', 'Absent'), (39, 1, '2026-07-01', 'Present'), (40, 1, '2026-07-01', 'Present'), (41, 1, '2026-07-01', 'Absent'), (42, 1, '2026-07-01', 'Present'), (43, 1, '2026-07-01', 'Absent'), (44, 1, '2026-07-01', 'Absent'), (45, 1, '2026-07-01', 'Present'), (46, 1, '2026-07-01', 'Present'), (47, 1, '2026-07-01', 'Present'), (48, 1, '2026-07-01', 'Present'), (49, 1, '2026-07-01', 'Present'), (50, 1, '2026-07-01', 'Present'), (1, 1, '2026-06-30', 'Present'), (2, 1, '2026-06-30', 'Absent'), (3, 1, '2026-06-30', 'Present'), (4, 1, '2026-06-30', 'Present'), (5, 1, '2026-06-30', 'Present'), (6, 1, '2026-06-30', 'Present'), (7, 1, '2026-06-30', 'Present'), (8, 1, '2026-06-30', 'Present'), (9, 1, '2026-06-30', 'Present'), (10, 1, '2026-06-30', 'Present'), (11, 1, '2026-06-30', 'Present'), (12, 1, '2026-06-30', 'Present'), (13, 1, '2026-06-30', 'Absent'), (14, 1, '2026-06-30', 'Present'), (15, 1, '2026-06-30', 'Present'), (16, 1, '2026-06-30', 'Present'), (17, 1, '2026-06-30', 'Present'), (18, 1, '2026-06-30', 'Present'), (19, 1, '2026-06-30', 'Absent'), (20, 1, '2026-06-30', 'Absent'), (21, 1, '2026-06-30', 'Absent'), (22, 1, '2026-06-30', 'Present'), (23, 1, '2026-06-30', 'Absent'), (24, 1, '2026-06-30', 'Present'), (25, 1, '2026-06-30', 'Absent'), (26, 1, '2026-06-30', 'Present'), (27, 1, '2026-06-30', 'Absent'), (28, 1, '2026-06-30', 'Present'), (29, 1, '2026-06-30', 'Absent'), (30, 1, '2026-06-30', 'Present'), (31, 1, '2026-06-30', 'Present'), (32, 1, '2026-06-30', 'Present'), (33, 1, '2026-06-30', 'Present'), (34, 1, '2026-06-30', 'Present'), (35, 1, '2026-06-30', 'Absent'), (36, 1, '2026-06-30', 'Present'), (37, 1, '2026-06-30', 'Present'), (38, 1, '2026-06-30', 'Present'), (39, 1, '2026-06-30', 'Present'), (40, 1, '2026-06-30', 'Present'), (41, 1, '2026-06-30', 'Present'), (42, 1, '2026-06-30', 'Present'), (43, 1, '2026-06-30', 'Present'), (44, 1, '2026-06-30', 'Present'), (45, 1, '2026-06-30', 'Present'), (46, 1, '2026-06-30', 'Present'), (47, 1, '2026-06-30', 'Present'), (48, 1, '2026-06-30', 'Present'), (49, 1, '2026-06-30', 'Present'), (50, 1, '2026-06-30', 'Present');
INSERT INTO erp_exams (name, exam_type, class_id, start_date, end_date, status) VALUES 
('Mid Term CS Freshman', 'Mid Semester', 1, '2026-06-09', '2026-06-14', 'Completed'),
('Final Term BBA', 'Final Semester', 3, '2026-07-19', '2026-07-24', 'Upcoming');
INSERT INTO erp_exam_subjects (exam_id, subject_id, exam_date) VALUES 
(1, 1, '2026-06-11'),
(1, 2, '2026-06-13');
INSERT INTO erp_exam_marks (exam_subject_id, student_id, total_marks) VALUES (1, 1, 48), (2, 1, 86), (1, 2, 88), (2, 2, 63), (1, 3, 66), (2, 3, 86), (1, 4, 91), (2, 4, 44), (1, 5, 82), (2, 5, 84), (1, 6, 95), (2, 6, 47), (1, 7, 89), (2, 7, 43), (1, 8, 65), (2, 8, 63), (1, 9, 69), (2, 9, 61), (1, 10, 86), (2, 10, 93), (1, 11, 54), (2, 11, 43), (1, 12, 86), (2, 12, 62), (1, 13, 65), (2, 13, 45), (1, 14, 55), (2, 14, 65), (1, 15, 81), (2, 15, 72), (1, 16, 52), (2, 16, 60), (1, 17, 78), (2, 17, 46), (1, 18, 79), (2, 18, 54), (1, 19, 87), (2, 19, 63), (1, 20, 50), (2, 20, 45);
INSERT INTO erp_fee_structures (fee_type, academic_year, course_id, amount, due_date) VALUES 
('Tuition', '2026-2027', 1, 5000.00, '2026-07-29'),
('Tuition', '2026-2027', 2, 4500.00, '2026-07-29');
INSERT INTO erp_fee_invoices (student_id, fee_structure_id, total_amount, status) VALUES (1, 2, 4500, 'Paid'), (2, 1, 5000, 'Paid'), (3, 2, 4500, 'Pending'), (4, 1, 5000, 'Pending'), (5, 2, 4500, 'Pending'), (6, 1, 5000, 'Paid'), (7, 2, 4500, 'Pending'), (8, 1, 5000, 'Pending'), (9, 2, 4500, 'Paid'), (10, 1, 5000, 'Paid'), (11, 2, 4500, 'Paid'), (12, 1, 5000, 'Pending'), (13, 2, 4500, 'Paid'), (14, 1, 5000, 'Paid'), (15, 2, 4500, 'Paid'), (16, 1, 5000, 'Paid'), (17, 2, 4500, 'Pending'), (18, 1, 5000, 'Pending'), (19, 2, 4500, 'Paid'), (20, 1, 5000, 'Paid'), (21, 2, 4500, 'Pending'), (22, 1, 5000, 'Paid'), (23, 2, 4500, 'Paid'), (24, 1, 5000, 'Paid'), (25, 2, 4500, 'Paid'), (26, 1, 5000, 'Paid'), (27, 2, 4500, 'Pending'), (28, 1, 5000, 'Paid'), (29, 2, 4500, 'Paid'), (30, 1, 5000, 'Paid'), (31, 2, 4500, 'Pending'), (32, 1, 5000, 'Paid'), (33, 2, 4500, 'Paid'), (34, 1, 5000, 'Paid'), (35, 2, 4500, 'Pending'), (36, 1, 5000, 'Paid'), (37, 2, 4500, 'Pending'), (38, 1, 5000, 'Paid'), (39, 2, 4500, 'Paid'), (40, 1, 5000, 'Paid'), (41, 2, 4500, 'Paid'), (42, 1, 5000, 'Pending'), (43, 2, 4500, 'Pending'), (44, 1, 5000, 'Paid'), (45, 2, 4500, 'Paid'), (46, 1, 5000, 'Paid'), (47, 2, 4500, 'Paid'), (48, 1, 5000, 'Paid'), (49, 2, 4500, 'Paid'), (50, 1, 5000, 'Pending');
INSERT INTO erp_fee_payments (invoice_id, amount, payment_method, payment_date) VALUES (1, 4500, 'Card', '2026-06-25'), (2, 4500, 'Card', '2026-07-08'), (3, 4500, 'Card', '2026-06-29'), (4, 4500, 'Card', '2026-07-01'), (5, 4500, 'Card', '2026-07-07'), (6, 4500, 'Card', '2026-07-04'), (7, 4500, 'Card', '2026-07-06'), (8, 4500, 'Card', '2026-07-04'), (9, 4500, 'Card', '2026-07-07'), (10, 4500, 'Card', '2026-07-05');
INSERT INTO erp_assignments (title, class_id, subject_id, teacher_id, due_date, status) VALUES 
('Linked Lists Implementation', 1, 1, 1, '2026-07-14', 'Active'),
('Marketing Case Study', 3, 3, 2, '2026-07-07', 'Active');
INSERT INTO erp_leaves (user_type, teacher_id, leave_type, start_date, end_date, reason, status) VALUES 
('teacher', 1, 'Sick Leave', '2026-07-04', '2026-07-05', 'Fever', 'Approved');
INSERT INTO erp_leaves (user_type, student_id, leave_type, start_date, end_date, reason, status) VALUES 
('student', 5, 'Casual Leave', '2026-07-10', '2026-07-11', 'Family function', 'Pending');
